{"top_emotion": "sadness", "emotion_scores": {"sadness": 0.9900683760643005, "neutral": 0.0034283900167793036, "joy": 0.0021198634058237076, "surprise": 0.0019855827558785677, "anger": 0.0011202943278476596, "fear": 0.0007076208712533116, "disgust": 0.0005698533495888114}}
{"top_emotion": "joy", "emotion_scores": {"joy": 0.6919102668762207, "sadness": 0.1734364926815033, "anger": 0.05242476612329483, "fear": 0.04092419892549515, "surprise": 0.021434562280774117, "neutral": 0.01913231424987316, "disgust": 0.0007373761618509889}}
{"top_emotion": "joy", "emotion_scores": {"joy": 0.574272632598877, "fear": 0.3115750551223755, "anger": 0.04418443143367767, "neutral": 0.029657253995537758, "surprise": 0.024362053722143173, "sadness": 0.014951793476939201, "disgust": 0.0009967890800908208}}
{"top_emotion": "joy", "emotion_scores": {"joy": 0.8492277264595032, "surprise": 0.08417417854070663, "neutral": 0.032706208527088165, "sadness": 0.02835138328373432, "anger": 0.004233896732330322, "disgust": 0.0006629955023527145, "fear": 0.0006436083349399269}}
{"top_emotion": "fear", "emotion_scores": {"fear": 0.8624954223632812, "joy": 0.04500050097703934, "sadness": 0.03452330827713013, "surprise": 0.022884009405970573, "anger": 0.0215445589274168, "neutral": 0.01291116513311863, "disgust": 0.0006410052883438766}}
{"top_emotion": "joy", "emotion_scores": {"joy": 0.6356781125068665, "fear": 0.11537888646125793, "neutral": 0.09537877142429352, "anger": 0.09218043088912964, "surprise": 0.03601665422320366, "sadness": 0.024206897243857384, "disgust": 0.0011602664599195123}}
{"top_emotion": "joy", "emotion_scores": {"joy": 0.9546430706977844, "surprise": 0.022708632051944733, "neutral": 0.013870666734874249, "sadness": 0.0042939274571835995, "anger": 0.003299759002402425, "disgust": 0.0008342257933691144, "fear": 0.0003497677971608937}}
{"top_emotion": "joy", "emotion_scores": {"joy": 0.9621404409408569, "surprise": 0.018623890355229378, "neutral": 0.010909738950431347, "anger": 0.0037503086496144533, "fear": 0.00212205876596272, "sadness": 0.0020228272769600153, "disgust": 0.0004307611670810729}}
{"top_emotion": "fear", "emotion_scores": {"fear": 0.9766061305999756, "joy": 0.008230610750615597, "anger": 0.005357668735086918, "sadness": 0.004195316229015589, "neutral": 0.003088878933340311, "surprise": 0.0023381682112812996, "disgust": 0.00018325478595215827}}
{"top_emotion": "fear", "emotion_scores": {"fear": 0.9519941806793213, "joy": 0.02234315313398838, "surprise": 0.009876728989183903, "neutral": 0.006650783587247133, "anger": 0.005260101519525051, "sadness": 0.0034049474634230137, "disgust": 0.00047020750935189426}}
{"top_emotion": "joy", "emotion_scores": {"joy": 0.852965235710144, "surprise": 0.10211765766143799, "neutral": 0.02625921182334423, "sadness": 0.01006106473505497, "anger": 0.006326859351247549, "fear": 0.0018975409911945462, "disgust": 0.00037237463402561843}}
{"top_emotion": "joy", "emotion_scores": {"joy": 0.988856852054596, "surprise": 0.0033448459580540657, "neutral": 0.0031117182224988937, "sadness": 0.0022115379106253386, "anger": 0.0017106994055211544, "disgust": 0.00041219580452889204, "fear": 0.0003521334147080779}}
{"top_emotion": "sadness", "emotion_scores": {"sadness": 0.7501476407051086, "joy": 0.11278343200683594, "anger": 0.06680142134428024, "surprise": 0.036456845700740814, "neutral": 0.02166229672729969, "fear": 0.01113863568753004, "disgust": 0.0010096500627696514}}
{"top_emotion": "joy", "emotion_scores": {"joy": 0.9728333950042725, "surprise": 0.014156544581055641, "neutral": 0.006745913997292519, "sadness": 0.0028019482269883156, "anger": 0.0026083101984113455, "disgust": 0.000441861804574728, "fear": 0.00041204571607522666}}
{"top_emotion": "joy", "emotion_scores": {"joy": 0.8252310156822205, "surprise": 0.08925598114728928, "sadness": 0.04138284921646118, "neutral": 0.034151237457990646, "anger": 0.008476649411022663, "fear": 0.0009466183837503195, "disgust": 0.0005556559190154076}}
{"top_emotion": "joy", "emotion_scores": {"joy": 0.9250500202178955, "surprise": 0.04010295867919922, "neutral": 0.019002387300133705, "anger": 0.007661816664040089, "sadness": 0.004773302003741264, "fear": 0.003007476683706045, "disgust": 0.000401990459067747}}
{"top_emotion": "surprise", "emotion_scores": {"surprise": 0.548245906829834, "fear": 0.42027047276496887, "anger": 0.015604843385517597, "joy": 0.007472238037735224, "sadness": 0.004939455538988113, "neutral": 0.002623550361022353, "disgust": 0.0008434868650510907}}
{"top_emotion": "joy", "emotion_scores": {"joy": 0.7161375284194946, "surprise": 0.14927735924720764, "fear": 0.05184611305594444, "neutral": 0.04513007774949074, "anger": 0.029218610376119614, "sadness": 0.007697162218391895, "disgust": 0.0006931242533028126}}
{"top_emotion": "joy", "emotion_scores": {"joy": 0.8929415345191956, "surprise": 0.06436991691589355, "neutral": 0.01626116782426834, "sadness": 0.01532435417175293, "anger": 0.005761800799518824, "fear": 0.004995599389076233, "disgust": 0.0003456282429397106}}
{"top_emotion": "anger", "emotion_scores": {"anger": 0.974862277507782, "joy": 0.01414566207677126, "neutral": 0.004421174991875887, "fear": 0.002156995702534914, "surprise": 0.0020511820912361145, "sadness": 0.001472856616601348, "disgust": 0.0008898877422325313}}
{"top_emotion": "joy", "emotion_scores": {"joy": 0.849073052406311, "neutral": 0.05371109023690224, "sadness": 0.04381611570715904, "surprise": 0.027056219056248665, "anger": 0.01813272014260292, "fear": 0.0062427520751953125, "disgust": 0.00196810532361269}}
{"top_emotion": "joy", "emotion_scores": {"joy": 0.5727308392524719, "neutral": 0.27508899569511414, "anger": 0.09471708536148071, "surprise": 0.03359708562493324, "fear": 0.013746083714067936, "sadness": 0.006747259758412838, "disgust": 0.0033725860994309187}}
{"top_emotion": "sadness", "emotion_scores": {"sadness": 0.9900683760643005, "neutral": 0.0034283900167793036, "joy": 0.0021198634058237076, "surprise": 0.0019855827558785677, "anger": 0.0011202943278476596, "fear": 0.0007076208712533116, "disgust": 0.0005698533495888114}}
{"top_emotion": "joy", "emotion_scores": {"joy": 0.6919102668762207, "sadness": 0.1734364926815033, "anger": 0.05242476612329483, "fear": 0.04092419892549515, "surprise": 0.021434562280774117, "neutral": 0.01913231424987316, "disgust": 0.0007373761618509889}}
{"top_emotion": "joy", "emotion_scores": {"joy": 0.574272632598877, "fear": 0.3115750551223755, "anger": 0.04418443143367767, "neutral": 0.029657253995537758, "surprise": 0.024362053722143173, "sadness": 0.014951793476939201, "disgust": 0.0009967890800908208}}
{"top_emotion": "joy", "emotion_scores": {"joy": 0.8492277264595032, "surprise": 0.08417417854070663, "neutral": 0.032706208527088165, "sadness": 0.02835138328373432, "anger": 0.004233896732330322, "disgust": 0.0006629955023527145, "fear": 0.0006436083349399269}}
{"top_emotion": "fear", "emotion_scores": {"fear": 0.8624954223632812, "joy": 0.04500050097703934, "sadness": 0.03452330827713013, "surprise": 0.022884009405970573, "anger": 0.0215445589274168, "neutral": 0.01291116513311863, "disgust": 0.0006410052883438766}}
{"top_emotion": "joy", "emotion_scores": {"joy": 0.6356781125068665, "fear": 0.11537888646125793, "neutral": 0.09537877142429352, "anger": 0.09218043088912964, "surprise": 0.03601665422320366, "sadness": 0.024206897243857384, "disgust": 0.0011602664599195123}}
{"top_emotion": "joy", "emotion_scores": {"joy": 0.9546430706977844, "surprise": 0.022708632051944733, "neutral": 0.013870666734874249, "sadness": 0.0042939274571835995, "anger": 0.003299759002402425, "disgust": 0.0008342257933691144, "fear": 0.0003497677971608937}}
{"top_emotion": "joy", "emotion_scores": {"joy": 0.9621404409408569, "surprise": 0.018623890355229378, "neutral": 0.010909738950431347, "anger": 0.0037503086496144533, "fear": 0.00212205876596272, "sadness": 0.0020228272769600153, "disgust": 0.0004307611670810729}}
{"top_emotion": "fear",