{"top_emotion": "anger", "emotion_scores": {"anger": 0.8852608799934387, "disgust": 0.05400795489549637, "others": 0.040130242705345154, "sadness": 0.009610469453036785, "surprise": 0.0068247513845562935, "fear": 0.0028589966241270304, "joy": 0.0013067874824628234}}
{"top_emotion": "anger", "emotion_scores": {"anger": 0.7872880697250366, "others": 0.13090185821056366, "disgust": 0.05490579828619957, "sadness": 0.015046896412968636, "surprise": 0.007201534230262041, "joy": 0.0024630711413919926, "fear": 0.0021927659399807453}}
{"top_emotion": "others", "emotion_scores": {"others": 0.970310628414154, "anger": 0.012469375506043434, "sadness": 0.007990212179720402, "joy": 0.004918028600513935, "surprise": 0.0022143658716231585, "disgust": 0.0015056960983201861, "fear": 0.0005916785448789597}}
{"top_emotion": "anger", "emotion_scores": {"anger": 0.6519483923912048, "others": 0.28733909130096436, "sadness": 0.0225453432649374, "disgust": 0.020324943587183952, "surprise": 0.011953885667026043, "joy": 0.004212420899420977, "fear": 0.0016758888959884644}}
{"top_emotion": "anger", "emotion_scores": {"anger": 0.9159932732582092, "disgust": 0.07880023121833801, "sadness": 0.0014530193293467164, "others": 0.0013453311985358596, "fear": 0.0010806205682456493, "surprise": 0.0008150481735356152, "joy": 0.0005125196184962988}}
{"top_emotion": "anger", "emotion_scores": {"anger": 0.7175201177597046, "others": 0.17291246354579926, "disgust": 0.06278229504823685, "sadness": 0.02753681130707264, "fear": 0.008604174479842186, "surprise": 0.008052152581512928, "joy": 0.002591982949525118}}
{"top_emotion": "others", "emotion_scores": {"others": 0.9159240126609802, "anger": 0.04090212658047676, "surprise": 0.017564641311764717, "sadness": 0.01371083501726389, "disgust": 0.005710217170417309, "fear": 0.0031381226144731045, "joy": 0.003050092374905944}}
{"top_emotion": "others", "emotion_scores": {"others": 0.8558059334754944, "anger": 0.08522053062915802, "disgust": 0.018413163721561432, "surprise": 0.017648236826062202, "sadness": 0.012610726058483124, "fear": 0.006496433634310961, "joy": 0.003805018262937665}}
{"top_emotion": "others", "emotion_scores": {"others": 0.958073079586029, "surprise": 0.02687046304345131, "sadness": 0.005492822267115116, "anger": 0.0048738387413322926, "fear": 0.002457499271258712, "disgust": 0.001246998435817659, "joy": 0.0009853357914835215}}
{"top_emotion": "others", "emotion_scores": {"others": 0.9780073761940002, "surprise": 0.007663889788091183, "anger": 0.0065737999975681305, "sadness": 0.003118309658020735, "fear": 0.0024415941443294287, "disgust": 0.0011931584449484944, "joy": 0.0010018333559855819}}
{"top_emotion": "others", "emotion_scores": {"others": 0.94132399559021, "joy": 0.04005545750260353, "surprise": 0.010860336013138294, "anger": 0.003673314116895199, "sadness": 0.002320608589798212, "fear": 0.0008949542534537613, "disgust": 0.0008713917341083288}}
{"top_emotion": "others", "emotion_scores": {"others": 0.9454594850540161, "surprise": 0.02079707756638527, "anger": 0.017963217571377754, "sadness": 0.006738380063325167, "joy": 0.003484203014522791, "fear": 0.002841992536559701, "disgust": 0.002715664217248559}}
{"top_emotion": "others", "emotion_scores": {"others": 0.9717171788215637, "anger": 0.011531428433954716, "sadness": 0.006524670869112015, "surprise": 0.005523152649402618, "joy": 0.002113115740939975, "disgust": 0.0016883326461538672, "fear": 0.0009021910955198109}}
{"top_emotion": "anger", "emotion_scores": {"anger": 0.6001791954040527, "others": 0.29621338844299316, "disgust": 0.0656411424279213, "sadness": 0.02009687013924122, "surprise": 0.01210738904774189, "joy": 0.0031111196149140596, "fear": 0.002650907961651683}}
{"top_emotion": "others", "emotion_scores": {"others": 0.9346513748168945, "anger": 0.029711002483963966, "sadness": 0.0141476821154356, "surprise": 0.011838503181934357, "disgust": 0.004849205259233713, "fear": 0.002849719487130642, "joy": 0.0019524786621332169}}
{"top_emotion": "anger", "emotion_scores": {"anger": 0.9252180457115173, "disgust": 0.0562940388917923, "sadness": 0.00810122862458229, "others": 0.008013129234313965, "surprise": 0.0010431171394884586, "fear": 0.0008170519140549004, "joy": 0.0005133425001986325}}
{"top_emotion": "anger", "emotion_scores": {"anger": 0.8260517716407776, "others": 0.09524596482515335, "disgust": 0.03091435506939888, "surprise": 0.023441024124622345, "sadness": 0.018493929877877235, "fear": 0.004461777396500111, "joy": 0.0013911270070821047}}
{"top_emotion": "anger", "emotion_scores": {"anger": 0.9425309896469116, "disgust": 0.04452050104737282, "others": 0.005311628337949514, "sadness": 0.0043993620201945305, "surprise": 0.0018789352616295218, "fear": 0.0009324197890236974, "joy": 0.0004260859277565032}}
{"top_emotion": "others", "emotion_scores": {"others": 0.8554437756538391, "anger": 0.057944681495428085, "sadness": 0.029820198193192482, "surprise": 0.023521730676293373, "disgust": 0.01867205835878849, "joy": 0.0073871854692697525, "fear": 0.007210359442979097}}
{"top_emotion": "anger", "emotion_scores": {"anger": 0.9047136306762695, "disgust": 0.0626223012804985, "others": 0.012989788316190243, "sadness": 0.009805009700357914, "surprise": 0.0050892760045826435, "fear": 0.0038393456488847733, "joy": 0.000940699886996299}}
{"top_emotion": "others", "emotion_scores": {"others": 0.9309765696525574, "surprise": 0.03796599432826042, "anger": 0.00993856880813837, "sadness": 0.00737480353564024, "fear": 0.007025576662272215, "joy": 0.003471186151728034, "disgust": 0.0032474491745233536}}
{"top_emotion": "others", "emotion_scores": {"others": 0.4811924695968628, "anger": 0.46347132325172424, "disgust": 0.02875504456460476, "sadness": 0.018970128148794174, "surprise": 0.0037693858612328768, "joy": 0.0022381709422916174, "fear": 0.0016034141881391406}}
{"top_emotion": "others", "emotion_scores": {"others": 0.9490005970001221, "joy": 0.03361170366406441, "surprise": 0.006442503537982702, "anger": 0.005301706027239561, "sadness": 0.00432384479790926, "disgust": 0.0009287704015150666, "fear": 0.00039087163168005645}}
{"top_emotion": "others", "emotion_scores": {"others": 0.9157286882400513, "anger": 0.04897257685661316, "surprise": 0.012532400898635387, "sadness": 0.01007228996604681, "disgust": 0.005348444916307926, "joy": 0.0049779280088841915, "fear": 0.002367663197219372}}
{"top_emotion": "anger", "emotion_scores": {"anger": 0.873822808265686, "disgust": 0.10741455852985382, "sadness": 0.0078017269261181355, "others": 0.005702625028789043, "surprise": 0.0026616156101226807, "fear": 0.002069205278530717, "joy": 0.0005274164141155779}}
{"top_emotion": "others", "emotion_scores": {"others": 0.9640806913375854, "surprise": 0.011818473227322102, "joy": 0.011729900725185871, "sadness": 0.004627814516425133, "anger": 0.0038280440494418144, "fear": 0.0019921509083360434, "disgust": 0.0019230176694691181}}
{"top_emotion": "others", "emotion_scores": {"others": 0.693937361240387, "surprise": 0.11898589134216309, "anger": 0.09211348742246628, "sadness": 0.036600079387426376, "fear": 0.031608425080776215, "disgust": 0.02274966426193714, "joy": 0.004004964139312506}}
{"top_emotion": "others", "emotion_scores": {"others": 0.9782953858375549, "joy": 0.014650491066277027, "surprise": 0.0026565385051071644, "sadness": 0.001495940494351089, "anger": 0.0013970679137855768, "fear": 0.0009144112700596452, "disgust": 0.0005902143893763423}}
{"top_emotion": "others", "emotion_scores": {"others": 0.9902280569076538, "joy": 0.0038019639905542135, "surprise": 0.002886549336835742, "anger": 0.001491138362325728, "fear": 0.0007892049034126103, "sadness": 0.00041491969022899866, "disgust": 0.00038816529558971524}}
{"top_emotion": "others", "emotion_scores": {"others": 0.8745875954627991, "anger": 0.0884292870759964, "surprise": 0.01454523578286171, "sadness": 0.008412526920437813, "disgust": 0.006529651116579771, "joy": 0.006058888044208288,